id,first_name,last_name,email,ip_address,registration_date,login
1,Christiana,Norheny,cnorheny0@princeton.edu,7.28.63.187,2021/12/24,Monthly
2,Gunar,Thys,gthys1@joomla.org,31.124.198.132,2022/03/30,Seldom
3,Rickard,Camilleri,rcamilleri2@ning.com,175.140.210.11,2021/09/11,Weekly
4,Tynan,Burstowe,tburstowe3@telegraph.co.uk,70.161.11.117,2021/08/25,Often
5,Talia,Brister,tbrister4@hao123.com,112.53.86.229,2021/04/25,Weekly
6,Berti,Gatty,bgatty5@cnet.com,38.15.200.171,2021/08/19,Yearly
7,Marie,Rubinowicz,mrubinowicz6@symantec.com,117.172.12.212,2022/03/05,Yearly
8,Stephen,Pirozzi,spirozzi7@issuu.com,179.74.202.82,2021/05/25,Yearly
9,Quincy,Mynard,qmynard8@clickbank.net,75.89.175.3,2021/11/26,Daily
10,Eve,Tubby,etubby9@marketwatch.com,219.201.87.84,2021/05/08,Daily
11,Persis,Goncaves,pgoncavesa@instagram.com,15.19.229.93,2021/08/04,Monthly
12,Julienne,Townend,jtownendb@scientificamerican.com,129.164.29.89,2021/04/19,Yearly
13,Reginald,Hirth,rhirthc@sourceforge.net,99.69.35.182,2021/11/11,Yearly
14,Roman,Daniell,rdanielld@xrea.com,80.136.248.199,2022/03/04,Often
15,Magdalene,Vany,mvanye@scientificamerican.com,200.138.54.36,2021/07/07,Often
16,Devlin,Willoughby,dwilloughbyf@yale.edu,115.197.64.37,2021/11/05,Monthly
17,Aldric,Quail,aquailg@slate.com,147.58.104.206,2022/03/14,Daily
18,Ignatius,Bonney,ibonneyh@nba.com,215.40.45.43,2021/09/25,Monthly
19,Agna,Jeannenet,ajeanneneti@freewebs.com,183.232.233.23,2021/11/01,Often
20,Thebault,Sheehan,tsheehanj@cocolog-nifty.com,129.128.233.110,2022/04/05,Often
21,Leighton,Plowell,lplowellk@nbcnews.com,38.79.32.250,2021/12/06,Daily
22,Ermanno,Pavlenko,epavlenkol@hp.com,188.53.181.82,2022/01/19,Daily
23,Jabez,Wilsdon,jwilsdonm@kickstarter.com,191.9.161.172,2021/12/21,Seldom
24,Page,Gateman,pgatemann@nifty.com,213.15.80.36,2021/04/11,Monthly
25,Morena,Treffry,mtreffryo@washingtonpost.com,210.217.198.75,2021/08/16,Weekly
26,Carley,Zuenelli,czuenellip@github.com,161.37.196.10,2021/09/30,Daily
27,Orazio,Mabon,omabonq@epa.gov,156.226.195.249,2021/08/22,Never
28,Mark,Shuttleworth,mshuttleworthr@devhub.com,146.229.223.178,2022/04/05,Daily
29,Ellie,Skevington,eskevingtons@icio.us,76.23.185.43,2021/08/09,Weekly
30,Stevana,Christin,schristint@jigsy.com,150.86.59.8,2021/12/12,Seldom
31,Abelard,Tieraney,atieraneyu@studiopress.com,66.56.169.218,2021/11/18,Never
32,Kim,Drysdall,kdrysdallv@dagondesign.com,0.14.107.210,2022/02/25,Once
33,Lynette,Boteman,lbotemanw@webeden.co.uk,163.24.173.161,2022/02/25,Once
34,Bentley,Parmiter,bparmiterx@boston.com,217.160.40.181,2021/05/04,Monthly
35,Cal,Rowth,crowthy@live.com,73.116.14.244,2022/01/19,Once
36,Gabie,Nansom,gnansomz@patch.com,29.157.146.26,2021/05/31,Weekly
37,Deeann,Friett,dfriett10@unesco.org,19.204.85.213,2021/07/18,Never
38,Alister,Dudenie,adudenie11@fc2.com,51.0.142.2,2021/10/01,Yearly
39,Britte,Englefield,benglefield12@baidu.com,27.2.214.246,2021/10/16,Yearly
40,Haley,Mateus,hmateus13@wix.com,112.255.15.103,2021/07/31,Monthly
41,Stoddard,Haeslier,shaeslier14@feedburner.com,251.108.70.235,2021/11/04,Once
42,Dreddy,Hourihane,dhourihane15@soup.io,211.204.147.170,2021/12/05,Weekly
43,Vance,Wurst,vwurst16@oaic.gov.au,92.143.206.10,2022/01/14,Weekly
44,Melisent,Tuplin,mtuplin17@newsvine.com,217.7.129.179,2021/11/09,Once
45,Cherianne,McKee,cmckee18@vistaprint.com,137.143.61.99,2022/02/14,Never
46,Maureen,Baton,mbaton19@angelfire.com,83.47.87.23,2021/05/02,Never
47,Anabella,Blaxill,ablaxill1a@nih.gov,183.45.139.240,2022/01/14,Weekly
48,Brigida,Bissill,bbissill1b@opensource.org,225.126.202.73,2021/09/08,Never
49,Arliene,McGarva,amcgarva1c@blogspot.com,133.69.127.188,2021/08/01,Weekly
50,Gerladina,Phillipp,gphillipp1d@123-reg.co.uk,235.121.65.239,2021/12/16,Never
51,Mohandis,Bridgestock,mbridgestock1e@sfgate.com,186.16.14.131,2021/06/26,Often
52,Dalton,Theobold,dtheobold1f@dailymotion.com,6.40.132.59,2021/12/20,Weekly
53,Barret,O' Dooley,bodooley1g@google.pl,171.90.249.91,2021/11/17,Daily
54,Ursa,McKerton,umckerton1h@bloglovin.com,115.239.158.66,2021/10/03,Daily
55,Tracey,Sancraft,tsancraft1i@altervista.org,142.94.128.221,2022/01/25,Monthly
56,Rolando,Brockett,rbrockett1j@slate.com,99.246.59.51,2021/04/22,Once
57,Violet,Shellard,vshellard1k@sourceforge.net,70.43.2.75,2021/08/21,Yearly
58,Madelaine,Aldie,maldie1l@github.com,93.105.151.178,2022/01/14,Daily
59,Lorry,Faithorn,lfaithorn1m@miitbeian.gov.cn,2.11.33.78,2021/11/19,Seldom
60,Gabriela,Firmager,gfirmager1n@google.com.au,25.155.148.10,2021/05/11,Often
61,Elsinore,Cancellor,ecancellor1o@opera.com,223.254.118.141,2021/08/02,Daily
62,Shelton,Weddeburn - Scrimgeour,sweddeburnscrimgeour1p@bigcartel.com,238.148.180.184,2021/07/20,Daily
63,Ester,Meale,emeale1q@diigo.com,165.43.201.156,2021/06/04,Never
64,Kain,Purvess,kpurvess1r@disqus.com,255.170.44.243,2022/01/06,Seldom
65,Ladonna,Tamsett,ltamsett1s@patch.com,203.3.66.133,2021/10/20,Seldom
66,Kirsten,Custed,kcusted1t@blogger.com,232.146.150.46,2021/12/13,Weekly
67,Quentin,Olenchikov,qolenchikov1u@auda.org.au,180.126.212.143,2022/02/25,Seldom
68,Koo,Crumpton,kcrumpton1v@sphinn.com,29.229.162.54,2021/07/19,Daily
69,Sosanna,Whatford,swhatford1w@yolasite.com,132.115.38.231,2022/02/28,Monthly
70,Thibaud,Tidbald,ttidbald1x@zdnet.com,25.194.141.47,2022/02/22,Once
71,Ruth,MacDunleavy,rmacdunleavy1y@godaddy.com,133.79.200.113,2021/12/03,Often
72,Antonia,Bareford,abareford1z@dedecms.com,43.16.229.166,2021/10/02,Weekly
73,Reggie,Pflieger,rpflieger20@dmoz.org,209.76.91.12,2022/03/15,Never
74,Caryl,Elks,celks21@examiner.com,120.203.213.187,2021/04/11,Seldom
75,Prince,McElhargy,pmcelhargy22@tamu.edu,79.194.249.247,2022/03/08,Yearly
76,Mathew,Prendergast,mprendergast23@blogtalkradio.com,170.30.169.6,2022/03/29,Often
77,Kendricks,Polsin,kpolsin24@reference.com,183.130.211.122,2021/07/16,Often
78,Weider,Crother,wcrother25@slate.com,2.239.129.71,2022/03/01,Monthly
79,Mahmud,Baitey,mbaitey26@indiegogo.com,111.126.138.110,2022/03/16,Daily
80,Minda,Attridge,mattridge27@shareasale.com,254.61.199.211,2021/11/14,Daily
81,Tisha,Scrivenor,tscrivenor28@cam.ac.uk,115.247.118.58,2021/06/22,Yearly
82,Easter,Louca,elouca29@google.es,196.250.151.222,2022/03/09,Daily
83,Guenevere,Watkiss,gwatkiss2a@goo.gl,54.56.6.104,2021/08/15,Monthly
84,Cleveland,Brennand,cbrennand2b@godaddy.com,66.189.193.144,2021/08/08,Yearly
85,Jeanette,Breese,jbreese2c@senate.gov,230.31.241.101,2022/01/25,Seldom
86,Leonore,Bergeon,lbergeon2d@hostgator.com,147.125.84.18,2022/01/06,Often
87,Cello,Brend,cbrend2e@vk.com,169.178.247.234,2021/12/07,Weekly
88,Kellia,Littrick,klittrick2f@theglobeandmail.com,28.73.26.51,2022/04/01,Seldom
89,Mahmud,Duffil,mduffil2g@theglobeandmail.com,13.97.160.208,2022/01/08,Monthly
90,Sly,Bowland,sbowland2h@facebook.com,172.90.177.249,2021/04/25,Weekly
91,Derby,Rastrick,drastrick2i@liveinternet.ru,0.19.247.218,2021/05/06,Often
92,Ives,Sharpe,isharpe2j@ovh.net,220.79.198.229,2021/09/17,Never
93,Shelba,Wells,swells2k@skype.com,243.129.21.206,2021/04/17,Daily
94,Peder,Wayne,pwayne2l@newsvine.com,65.200.185.230,2022/02/03,Daily
95,Glenden,Goodoune,ggoodoune2m@mtv.com,117.228.165.0,2022/03/28,Daily
96,Margaretta,Cardew,mcardew2n@google.de,121.64.71.164,2021/08/05,Once
97,Jefferson,Tiffin,jtiffin2o@blogtalkradio.com,55.75.58.15,2022/01/21,Seldom
98,Iolanthe,Edgson,iedgson2p@prnewswire.com,38.12.2.195,2021/11/03,Never
99,Adey,Mandel,amandel2q@oaic.gov.au,169.168.100.16,2021/12/08,Yearly
100,Hans,Leban,hleban2r@npr.org,95.14.67.228,2021/12/16,Often
